{"cameraMode":{"drawMode":0,"name":"Shaded","section":"Shading Mode"},"sceneLighting":false,"audioPlay":false,"sceneViewState":{"showFog":true,"showMaterialUpdate":false,"showSkybox":false,"showFlares":true,"showImageEffects":true,"showParticleSystems":true,"showVisualEffectGraphs":true,"m_FxEnabled":true},"in2DMode":false,"pivot":{"x":0.13205039501190186,"y":-0.08273705840110779,"z":-1.6167770624160767},"rotation":{"x":0.1707509458065033,"y":0.5834475755691528,"z":-0.12710592150688172,"w":0.7837967276573181},"size":0.9733588099479675,"orthographic":false}