{"cameraMode":{"drawMode":0,"name":"Shaded","section":"Shading Mode"},"sceneLighting":false,"audioPlay":false,"sceneViewState":{"showFog":true,"showMaterialUpdate":false,"showSkybox":false,"showFlares":true,"showImageEffects":true,"showParticleSystems":true,"showVisualEffectGraphs":true,"m_FxEnabled":true},"in2DMode":false,"pivot":{"x":-0.012149650603532792,"y":0.019364766776561738,"z":0.0033489353954792024},"rotation":{"x":-0.006447978317737579,"y":0.6964053511619568,"z":0.00627837935462594,"w":0.7176181674003601},"size":0.03354305773973465,"orthographic":true}