{"cameraMode":{"drawMode":0,"name":"Shaded","section":"Shading Mode"},"sceneLighting":false,"audioPlay":false,"sceneViewState":{"showFog":true,"showMaterialUpdate":false,"showSkybox":false,"showFlares":true,"showImageEffects":true,"showParticleSystems":true,"showVisualEffectGraphs":true,"m_FxEnabled":true},"in2DMode":false,"pivot":{"x":0.009652219712734223,"y":-0.008685695007443428,"z":-0.025614198297262193},"rotation":{"x":-0.10290025174617768,"y":0.8217848539352417,"z":-0.15719349682331086,"w":-0.5379400253295898},"size":0.05157698318362236,"orthographic":true}